Seller, Password 
0to7 Inc,\KXC3UN}BS
1st Class Pharmaceuticals Inc,9r;aZGNdN
20Lighter Health & Wellness LLC,gx}GtC?>r
21st Century Designer Health Products,a_d>pV_VLs1b
21st Century Homeopathics,VSP`tBZkvo
220 LABORATORIES INC,FzEno;
38 Biotech Laboratory LLC,lv\b8PYA`y{
3M ESPE Dental Products,}rg?zoid0C
3M Health Care,Mk4EDFxN5
4sport D.o.o.,We02VIVMqxbS
A P J Laboratories Limited,5;b_z7|Jt
A&Z Pharmaceutical Inc,q>p?0f]b=
AAA Pharmaceutical Inc,sC?kGWw?|rK
Aaxis Pacific,9jb]TPqM0j4O
ABBE Laboratories Inc,t<fpk4
ABBP (ARRINGTON BATTLE BELL & PERRY) LLC,pwRC;Xo80;
Abbvie Inc,iu5Gq_
ABC Compounding Co. Inc,3Ut|uG
ABCO Laboratories Inc,j9P@BGCL;D
Abraxis BioScience LLC,H_OG>f|3\`S
ABS Corporation,6IyOD6X
ACADIA Pharmaceuticals Inc,wf^cod_B{F
Accelis Pharma,NxLu2T<aYA
Access Business Group LLC,=BIZuw<
Accord Healthcare Inc,bRxTyXXz
Accra-Pac Inc.,7KN<sZu
Accucaps Industries Limited,Q}I13HqOJ
ACELLA PHARMACEUTICALS,=X?9YVE
Acetylene Oxygen Company,eCC38mPEtO
Acme United Corporation,ujogwl39o@A
Acorda Therapeutics Inc,{ia;FOB
Actavis Pharma Inc,@}E6LD
Actelion Pharmaceuticals US Inc,@BQz5Yc?
Actient Pharmaceuticals LLC,<dQmHH
ADIENNE SA,Khk=]dHm{nkG
Adler-Stern Pharmaceuticals LLC,@oceJ0
Adrian Pharmaceuticals LLC,hvUO9<iM`A
Advance Pharmaceutical Inc.,VfC>;;LKEG
Advanced Accelerator Applications USA Inc,c7RcQtN2p
Advanced Beauty Systems Inc,GSlIw|z:
Advanced Dental Anesthetics,KnC]zw
Advanced Generic Corporation,lqNz0ky}Y
Advanced Men's Institute LLC,y{R@1jk
Adven Biotech Private Limited,Lm}3GU{0ES`:
Aegerion Pharmaceuticals Inc,n3tbdCIwq
Afassco Inc,tw4>e;X`B
Afaxys Inc,?9wxI}
Aid Tec Inc,UXvp|p
Aidance Skincare & Topical Solutions LLC,VtRpsBQsRd<w
Aidarex Pharmaceuticals LLC,^@s[5f>MX}>
Ajanta Pharma Limited,Rxl0x<AnN{W2
Ajes Pharmaceuticals LLC,ZaJdBPzIJKnN
AJU PHARM CO. LTD.,}nJ4cd]N
Akorn Inc,o<AdpieT?z
Akrimax Pharmaceuticals LLC,=T8j\Hh|Nj`
Alaven Pharmaceutical LLC,;PuT3;I
Alberto-Culver USA Inc,M[LhV4PM9
Alcon Laboratories Inc,va=;oPl
Alembic Pharmaceuticals Limited,aVL6C5xcw=6
Alexion Pharmaceuticals Inc.,hSTb@N
Alexso Inc,1=o?F<=tut
ALK-Abello Inc,Z|TkS6
Alkermes Inc,SW6?gL
ALL NATURAL DYNAMICS,<xOpoenQx8?
Allegis Pharmaceuticals LLC,2Px=RzZOfV8
Allergan Inc,`gEMkL
Allergy Laboratories Inc,08@Bb]6
Allermed Laboratories Inc,\vEPGXR}
AllerQuest LLC,fI|WU0w<nG_
Allos Therapeutics,AYf7uXA<XW
Allure Labs Inc,Cxm7Ww^9O\
Almay Inc,2GAMKSQ
Aloe Vera Industries,:Pl3nHyj>t
Altaire Pharmaceuticals Inc,O]rD4n
Alternative Pharmacy,dXga|]IBH>V
Alva-Amco Pharmacal Companies Inc,;1Xy0=
Alvix Laboratories LLC,mQ=zo8]@k>S
Alvogen Inc,}N0ha`FnY
Always Young LLC,g_`}zU
AMAG Pharmaceuticals Inc,5<kE6^12{eo?
Amarin Pharma Inc,278Iva<SiT
AMCOL Health & Beauty Solutions Inc,ydRVhI|
Amedra Pharmaceuticals LLC,UpStgW06
Amercare Products Inc,LSv}dU_jITN
American Health,qX3jccmKP9D
American Red Cross,EFJ;_c_@
American Regent Inc,g=MMDWkNeK
American Sales Company,kqJ[hs9
Amerigen Pharmaceuticals Inc,bwwlYqTQ
AmeriSource Bergen,?eIAi5I
Amgen Inc,WqKv0NuW
AMI Cosmetic Co. Ltd,_SnnPXf
Amneal Pharmaceuticals LLC,Is|y4[yC
AMO Hangzhou Co. LTD,ud|JC3gXFwa@
AMOREPACIFIC,B{uI[PV
Amphastar Pharmaceuticals Inc,Lph<wr
Amylin Pharmaceuticals LLC,8`M|O_rWI
Anacor Pharmaceuticals Inc,}5foR[
Anatomy Supply Partners LLc,6G]QLWqK7{5
AnazaoHealth Corporation,{0VuA4
ANI Pharmaceuticals Inc,_Kd{7}rQVUE2
Anila Inc,UL1V}3}PSlP
ANIP Acquisition Company,j:YOyCVL3
Antares Pharma Inc,037;g|bgs
Antigen Laboratories Inc,6\ZOzEF15O
AnuMed International LLC,=7>9ttb
Apace Packaging,Aix[_kOtR
Apex International Mfg,H2ez\^xb
Apexel Co. Ltd,>7JZA>jQ9pdZ
Aphena Pharma Solutions LLC,YnOjhBAcx7K
Aplicare Inc,d8yVjyG45j
Apo-Pharma USA Inc,CR}:?fK
Apotex Corp,P=oZia3[7AZa
Apothecus Pharmaceutical Corp,SCO\DgtT0zU]
APP Pharmaceuticals LLC,`LRd]tm
Applied Science Labs Inc,nqPZCtUL
Aprecia Pharmaceuticals Company,SBo^xdikKZ
Aptalis Pharma US Inc,hwC0]En8h
Aqua Pharmaceuticals,b[fwlN6yMe
AR Scientific Inc,qn8rd8
ARAMIS INC,Df]\xyd\v^
Arbonne International LLC,Ht}9GGTv
Arbor Pharmaceuticals,VXe33u3ddC}S
Areva Pharmaceuticals Inc,eCMc=<<P?M}7
ARIAD Pharmaceuticals Inc,Orzfd02
Aristos Phamaceuticals Inc,HABN3FXaUc
Army & Air Force Exchange Service,i_WDoWM{=9Tn
ARP(USA) Pty Ltd,TX2z378y
Arteriocyte Medical Systems Inc,wv5EPbb
Arzol Chemical Company,f>1iNP
A-S Medication Solutions,q4gXoK
Ascend Laboratories LLC,7^gVyzms1hI8
ASCENT CONSUMER PRODUCTS INC,xsAr6]|km\
Asclemed Inc,33>xlrfql
Asept Pak Inc,Lx9{<_K2r
ASP Global LLc,\[0<kZkg`x
Aspen Global Inc,L8y]\{tBxw\
AspiRub Enterprises LLC,CbBhrGGX@mZ
Astellas Pharma Inc,q]>fKV
AstraZeneca Pharmaceuticals LP,>GxtGB5T4
Atlantic Biologicals Corps,BbyXE8SJYTrR
Atlantic Biologicals Corpss,nnOLn56
Aton Pharma Inc,=PGUL{53W2{x
Aubio Life Sciences LLC,Bl3I|roP6
Aurobindo Pharma Limited,5z`eF;GAw]
Aurohealth LLC,j?HN0O}KDJ
AuroMedics Pharma LLC,9oh_O8X;E{Sz
AUS KOREA CO. LTD,5>pQ1YIXk
Austin Biotechnology Inc,POa@saf
Autumn Harp Inc,fw=j`}w{I8q
Avadel Pharmaceuticals  Inc,YjQC;M6=z
Avanir Pharmaceuticals Inc,:`B59|:BM56
Avedro Inc,gpsG=yZg\]
Avent Inc,[;27|k
Avion Pharmaceuticals LLC,KU[6DEeHwvt@
AvKARE Inc,_l2^Dsm>@|G\
Avon Products Inc,pHZ0tG]Pj
AvPAK,Aq9TN_aE1Y
B. Braun Medical Inc,3a9DJ]vO
Babor Cosmetics America Corp,Mt|blM0^
BABY BUBBA ENTERPRISES INC,Y@k02ef
Bali Body Pty Ltd,>a4i5bgh
Bang An Bao Medical Equipment Co. Ltd.,[gu7:Bs;jD58
Banner Life Sciences LLC,|OJCMMeAkDG
Bare Escentuals Beauty Inc.,xwP{GsOaXb22
Barona Co. Ltd,pLzqQStHT
Barr Laboratories Inc.,Ky?y:s
BASIEM,_Z|KEUBY\Q
Bausch & Lomb Incorporated,OAb}@^
Baxalta US Inc.,vp=6oRT
Baxter Healthcare Corporation,Neq0l]9
Bayer HealthCare LLC,Hpg[rc
BB BIOCHEM LABORATORIES INC.,DZ=h[3o=
Beach Products Inc.,8w0gL=}Fl
Bedford Laboratories,USQVoVs
Bell International Laboratories,dz\N3CZ
Belmora LLC,5VJoo`
Best Sanitizers Inc,NkXnpg4l0\
BestCo Inc.,\exJd_:
Beutlich Pharmaceuticals LLC,VQiVO9<
Beverly Hills Holdings Co. Ltd.,wOSCqst
BF ASCHER AND CO INC,9OvyP<LX
Bi-Coastal Pharmaceutical Corporation,\n8Q5A@s
BILL BEAUTY AND HEALTH PRODUCTS LTD,98AC_BZJCDd9
BIO NUCLEONICS INC,vlw|RLS
Bio Products Laboratory Limited,2E04>Ef=i
BioActive Nutritional Inc,I_dvyFtq
BIOCARE LABS INC.,oLd2c}npzF
BioComp Pharma Inc.,rSV265iW
Biocompatibles Inc.,5jEKX2ajW
bioCSL Inc.,b\zuqoNVF4Y
Biofrontera Inc.,cnSx]m^75nf
Biogen Inc.,dH3o7SSrEcaW
Biogenicskorea Co. LTD,apWP2cO
Bio-Germ Protection LLC,SG_>by[d97
BioGrand Co. Ltd,[HM91`DTCYLD
BioHealth Technologies Inc.,dCnnn{HwwNe
Biologische Heilmittel Heel,VBT^eE
BioLyte Laboratories LLC,sN6bLe
BioMarin Pharmaceutical Inc.,5:e4n3^^
Biomedical Research Foundation of Northwest Lousiansa,O8ID>=kiw@t
Bio-Medical & Pharmaceutical Manufacturing Corporation,x@6{e;Kz
Biomedical Research Foundation of Northwest Louisiana,ZQS6_W[b`1f
Bionutrigen Co. Ltd.,7pLS7m2t
Biopelle Inc.,R^JKbSDEyt}
BioResource Inc.,8DfLINTzd
Biostandard Inc.,_}WuUFkL
BioVeda,i7Vdm^9W
BioZone Laboratories Inc.,OkIhE}mx1
BJWC,8AEspbb
Blaine Labs Inc,ATi\eS4No?
BLANSETT PHARMACAL CO,wK9f1;kYic
Blenheim Pharmacal Inc.,NaN}JA9RB@
Blistex Inc,oN5DGth
Blue Cross Laboratories,1V7?;>f?ETV
Blue Earth Diagnostics,3O8xkNmuTj|P
Bobbi Brown Professional Cosmetics Inc.,RWE^PaP<E8p
Boca Pharmacal LLC,HnF=le3II
Boehringer Ingelheim Pharmaceuticals Inc.,cg=Ork>v^
Boiron,uEFE<5xP0]
BonGeo Pharmaceuticals Inc.,5KnnGnoY^s
Borisovskiy Zavod Medicinskikh Preparatov JSC,Kzx19:F6;
BPI Labs LLC,mw3V8u526]
Bracco Diagnostics Inc,LmFtXZ
Bradford Soap Works Inc.,g2`IN{
Bradley Fixtures Corporation,oqWBj92O3t\
Braeburn Pharmaceuticals,zjv1Y[M;
Braintree Laboratories Inc.,y0>IrM<]}
Brands International,RkAc7o8wSi^
Braunfels Labs,;=kSRTOQPOR
Breakthrough Products Inc.,PR<b3uM4K
Bristol-Myers Squibb Company,dA{YLVSdUt{
Browne Hansen LLC,TVt=E>T`\8<m
Bryan Corp,?C]6J?6IV
Bryant Ranch Prepack,KJ3wv1c
BTG International Inc.,SOqT?r>`;N
BTGIN CO. LTD,P3FC0zrlFPy
BUDDATE Co Ltd,1j;^=V
Budpak Inc.,p}Idc\t39[
BUKWANG Co. Ltd,Y7G1e:Mf[vmi
Burel Pharmaceuticals Inc,IC5a?qe
Burke Therapeutics LLC,ogR77dH{
Burkhart Dental Supply Inc,pRSY|>xgcm
Burt's Bees,J8P`nIhOgw
Butler Animal Health Supply,9cye=gs_H
Buzz Export Services Ltd.,utejnT
ByzMed LLC,icjJYne[p
C&BCOSMETIC Co.Ltd.,\Oo|5PL
C.A Pharm Co. Ltd.,z\E]jy_b
C.B. Fleet Company Inc.,EyxK:D
C.O. Truxton Inc.,`D93jkwdm4ED
CA-BOTANA INTERNATIONAL,Gt:aq5Ny
Cadila Healthcare Limited,MdVm2VLCj
Cal Pharma,z^af<F6a
Caldwell Consumer Health LLC,`XaT91HsT6f
CALIFORNIA DEPARTMENT OF PUBLIC HEALTH,\V;ZMEE;xeQD
California Pharmaceuticals LLC,[_nVXkgt
CALL INC,WbDBa_O[AS
Camber Pharmaceuticals Inc,77ed^ZqLs
Camellix LLC,lEhgUs1:qQ
Cangene BioPharma,Pfm_BGb
Cantrell Drug Company,xHkM?^wE
CAO Group Inc.,3M;ePFyJYVr
Capellon Pharmaceuticals LLC,uWv\BR3
Caraco Pharma Inc.,6ttGx<0__ra
Cardinal Health,B;RDgd4dN
CareFusion LLC,5aoMsTXGmc5
Caregen Co. Ltd.,oZI_Q6;
Carilion Materials Management,aoO:tZM:W5
Carlsbad Technology Inc.,rvrpn3t
Carma Laboratories Inc.,Y5:Oi35o
Carolina Medical Products Company,S74}D0:N6g
Carroll Company,2=xv2?S
CarWin Pharmaceutical Associates LLC,Kw\gpiw
Casmara Cosmetics SA,vFIlD98Q9A{T
Cat Media Pty Ltd,Z{\Q2:Q[2
CCA Industries Inc.,Ba6?UOU
Cdpharmtec Co. ltd,FP[Te8
Cearna Inc.,2zJB}OI==^_M
CEE-KAY SUPPLY INC.,>SRL;|Ii\Y8
CeGaT GmbH,V{8?n:sZVNA
Celgene Corporation,pag1LYMhC3CB
Cellinbio Co Ltd,3aaCkwSFUH
Celltrion Skincure Co.Ltd.,UlAK3WaZg;vl
Centered Enterprises LLC,rfX?HgJ
Centocor Ortho Biotech Products L.P.,tn8KK{
Central Texas Community Health Centers,0bxQTC
CENTRIX PHARMACEUTICAL INC,e|J2|Y
CENTURA PHARMACEUTICALS INC,6NtBxI>>HoKB
Centurion Labs LLC,3l]KC>T3
Century Pharmaceuticals Inc.,LHkjUr?xK
Cephalon Inc.,x4`g>Z=Zy\
Ceptaris Therapeutics Inc.,L_e510t
Chain Drug Consortium LLC,5[4[56
Chang Kuo Chou Pharmaceutical Co. Ltd.,{dNzlqYa6}
ChangShu Starsea pharmaceutical Co. Ltd,hrI2`4d_Z<Vp
Changzhou Jianze Sanitary Material Co. Ltd.,uL=Z7v?buTu
Charlotte Tilbury Beauty Ltd.,9JmhBU
Charm-tex Inc.,ee8meFRS
Chattem Inc.,CDuMk@BzGl
Chengdu Shunfa Disinfection and Washing Technology Co Ltd,u:Egp1Z
Chi Research Inc,t8{j}2K
Chiesi USA Inc.,KBl0`>iZsH
ChiRhoClin Inc.,7uPyLRaN?OU
Cho-A Pharm.Co.Ltd.,XZ|t{b
Chrio Korea Co. Ltd,^xEkKG_qM
CHUNG SOL,NWY1w5<y>j7
CHUNZAM BIO CO LTD,>G=B[i
Church & Dwight Co. Inc.,Q7a0hDED?}9
Cintas Corp.,CoU\uovh[`
CINTEX SERVICES LLC,SQ>>NJ5Pyf
Cipher Pharmaceuticals US LLC,Ezz9jBM[Nu
Cipla Ltd.,Xji;ho<t
Citra Labs,eJH8]r6
Citra Labs LLC,wGKd@}0
Citron Pharma LLC,MYhQ|9
Claris Lifesciences Inc.,NCp1qU7MP
CLBiO Co. LTD.,CMxK8lHS?2VY
Clean Sense,5[LgpH67BE0F
CleanSpot Inc.,zZHW{8
CleanWell,W7{oV3{S<8Ju
Clear Healthcare LLC,Jc6wKj
Clear Products Inc.,|w\]i=:dr?r
Clinigen Healthcare Ltd.,[ZVO<bMfSb]
CLINIQUE LABORATORIES INC,iTzB|Z
Clover Pharmaceuticals Corp.,\Ns]s_=:NSP0
Clovis Oncology Inc.,6I;[wib[
CMC Group Inc.,mh[5r9<e
Cobalt Laboratories Inc.,^Cs3M9m?
CodaDose Inc.,LXM7RN
Coghlan's Ltd,M98\Uw5hsDAt
CoLabs Intl. Corp,7j_f;VlOpki
Colgate Oral Pharmaceuticals Inc.,oHd2E@Z}
Colgate Palmolive Company,wRKPqsJIe^hO
Colgate-Palmolive Company,l8NAp_N
Colgin Inc,Gg8z:WgJw;wi
Collegium Pharmaceutical Inc.,:Y`KXaKnT=<U
Coloplast Manufacturing US LLC,No@VgKc=<
Combe Incorporated,0@V1k;2o8
Comfy Bottoms LLC,GKfh{Fv5
Compania Internacional de Comercio S.A. de C.V.,:PW7RrR
Compania Internacional de Comercio S.A.P.I de C.V.,VL=sij50
Concept Laboratories Inc.,A16u|Ra@
Concordia Pharmaceuticals Inc,x^l=^P2ux>i^
Concordia Pharmaceuticals Inc.,MG;|ZGcW
Conju Inc,>=fYc83ej
Conopco Inc. dba Unilever,GBFoigg>>{tT
Contract Pharmacal Corp,E>C=;CiF09
Contract Pharmacy Services-PA,>?L?zqf}rLS
ConvaTec Inc.,>[:P<i
CooperSurgical Inc.,6w5yNW
Corcept Therapeutics Inc,qdO>j5S1q7
Corden Pharma Latina S.p.A.,9Z76scbIdO
CorePharma LLC,G^ifII
Cosco International Inc.,<6tepSCVz_4
Cosmederm Bioscience,?U_5D}|c0O5
Cosmetic Specialty Labs Inc.,SZosbljo^lnH
Cosmetica Laboratories Inc.,X>@jXUtsOKFQ
COSMOPHARM LTD.,Wl3yYiVla[qu
COSRX inc.,3Cl];{n
COSTCO WHOLESALE CORPORATION,nmb3|Qd
CoTherix Inc.,6DGexdHGH6}5
Coty US LLC,4ea=ul1GC
County Line Pharmaceuticals LLC,RHxqEUg
Cover FX Skin Care Inc.,AQOiHMS1E|n
Covis Pharmaceuticals Inc,v0iiuO}
Covis Pharmaceuticals Inc.,oWWlBKDq
CPbio Co. Ltd,6tXc;4
Cramer Products Inc,CYQCijC@
Cramer Sports,96=Ur3YS4
Crawford Healthcare Inc.,B>nnT}cdFS
Cresson,MFxdh9=k\Z
Cross-Brands Manufacturing LLC,:INLy1Wy
Crossing Cultures LLC dba Goddess Garden,a2L;Y0
Crown Laboratories,M_>:ug}1ulUh
CSL Behring AG,ghzzx?
CSL Behring GmbH,XOm?qy9X]
CSL Behring LLC,mq6@o8@WKyN
CSL Behring Recombinant facility AG,_vWKm^9<
CSL Behring Recombinant Facility AG,cT@AU;bo0mH
Cumberland Pharmaceuticals Inc.,Z}rUCX}:V
Curative Power Lab PVT LTD,Sds07;z0J
Curazene LLC,{X=}f;Phl8|
CutisPharma Inc,p4Vhl|c
CutisPharma Inc.,jfj]v7H
CVS,<@h4[b]PMF
CVS Health,gE<h5Vu?2Aq
CVS Pharmacy,DY{]2}Gfl
CVS PHARMACY,AS3Yem}
CVS Pharmacy,4xx=GH6AM
CVS PHARMACY,q>dJbBVbktdg
CVS Pharmacy Inc.,q::iOp6w
CVS PHARMACY INC.,AK8lA@wK@@rc
CVS Pharmacy Inc.,Gac[h8k
CVS PharmacyInc.,>FJ4XQh9
Cypress Pharmaceutical Inc.,b@cw:DQ4]_6
D.O.R.C. Dutch Ophthalmic Research Center International B.V.,`jJAv1B
Dae Deok bio Inc,O3pL[aV|S
Daeduck Lab Co. Ltd,2LF=[gew7X
Dah Wei Biochemical Pharmaceutic International Ltd.,Yws:Kli
Daiichi Sankyo Inc.,\WA|`DWvN
Dalian Jixin Electronic and Communication Co. Ltd.,;5f{_C76oO
Dalian Jixin Electronic Information Co. Ltd.,]v\?f[F
Damiva Inc.,{EfQzopk]
Dannso Corp.d.b.a. Essential Products,]?vIC`h[3DVH
Dasan E&T Co. Ltd.,^b:W<TFkjFI
DAVA Pharmaceuticals Inc.,J[WYTuFjnIUa
Davines S.p.A.,XfCJLl{XhAO
Davion Inc,5@eLo>_{\r0
Deb USA Inc.,X[iBc4yJz
Deep Cover Systems LLC,<kEQ59yB;C
Defense Soap LLC,cPWeqvKi2pY
DefyAging.com Inc.,VtbBy]dfaym
DelCorean LLC,vmjrVc
Delpharm Tours,@UUA73o0?
Delta Brands Inc,n]4\oJG>]:
Dendreon Corporation,5HuFQDwI@h
Denison Pharmaceuticals Inc.,;}F>p35:Y
Den-Mat Holdings LLC,lA5Z]I:]m
DenTek Oral Care Inc.,xwl?2y`]
Dentsply LLC,dkf;]O
Depomed Inc.,aFuYJO
Deramzone Solutions Inc.,_Q3Pi>0[]@A^
DEREMETRX LLC,h;hveo6B_?
Derma Sciences Canada Inc.,<ab{Tzfkk@hE
Derma Wise Skin Care Ltd.,zsF]q0TDUNKh
DermaRite Industries LLC,9M_j5o2m
Dermavance Pharmaceuticals,QMFh>[N
Dermedics Laboratories,oD:\6k
DermWorx Incorporated,A6v9gKFh
DERSAN PHARMACEUTICAL CO LTD,b{jQU|Orp=>o
Deseret Biolgicals Inc.,U<GX}F
Deseret Biologials Inc.,QVfQ}:5ZJQQ1
Deseret Biologicals,M0JD{JBpWtoH
Deseret Biologicals Inc,yOH1c089o
Deseret Biologicals Inc.,gx\hfjwJ
Dharma Research Inc.,AsV>P}w
Diagnostic Green GmbH,h9?pClWP
Dio Corporation,Wl1om?3O
Direct Rx,}D4cks?C{w9
DIRECT RX,Z}P_@9vBa
Direct RX,0Ya_T@gpY;@S
DIRECT RX,}8oq{5Y>K?y
DirectRX,eMKo?QANz
Dispensing Solutions Inc.,n?{?o4FPErm<
DIVISION 5 LABS INC.,EbqasC`|mB`
DLC Laboratories Inc,>NZmrA
DLC LABORATORIES INC.,cPov|7]r]Q
DLC Laboratories Inc.,pFx@tq
DN Company Co. Ltd.,soFGAgc
Dolgencorp Inc,6l|kPzZdH:pZ
Dolgencorp LLC,gGj>D5vh;
DOLGENCORP LLC,9?f^Zv^1}
Dollar General,Z?H=Z8
Donghwa Pharm Co. Ltd,ndDyB\gP{
Doori Cosmetics Co. Ltd,o]E<|7=tfVRs
DPT Laboratories Ltd.,gFgbKf
Dr. Althea,Z\oEu\|9
Dr. Donna Restivo DC,8XnXvbXya
Dr. Hauschka SkinCare Inc.,9ScmZFy
Dr. Oh Patch Inc.,=HJn=Fm
Dr. ReddyÃ€s Laboratories Inc.,aEXYHQlaOA
Dr. Reddy's Laboratories Inc,NLBfwc{
Dr. Reddy's Laboratories Inc.,P3;w_=WjgSf
Dr. Reddys Laboratories Limited,x8{mv3kG
Dr. Reddy's Laboratories Limited,;[Mi[e1xpA
DR. THROWER'S SKINCARE INC.,6|2JAsKVGl=
Dr. Waltons Incorporated,`XcGryY95\
Dr.Gene Co.Ltd,ojWu41Rr2[;
DR.GLODERM,YshmOX
Dr.Reddy's Laboratories Limited,cM0Gz}xo]tE
Dr.Reddy's laboratories Ltd.,yFFz6NQuVxo6
DRNATURALHEALING,L03S@0
DRNATURALHEALING INC,vI[3c?F
DSHealthcare,G>8qA>>b:
Dsp Skin Care Products,Az:0wr8V7@
Duane Reade,pc}KRh6U2`I
Ducere Pharma,2rggI`0{
Duchesnay USA Inc.,fr1Z_n
Dukal Corporation,^RLiYK4Sj>Oe
Durata Therapeutics Inc.,3@Qs@r?IXYz;
DUSA Pharmaceuticals Inc.,YF<Qs_uI
Dyax Corp.,L09hh@
Dynamic Pharmaceuticals Inc.,{iw0x7sC9_d_
Dynamiclear Partners LLC,luVXd@h9Grn
Dynarex Corporation,4Tz49:dHVb{Q
DZA Brands LLC,@?zSiWE
E. Fougera & Co. A division of Fougera Pharmaceuticals Inc.,dbsT=[Nv
E. Fougera & Co. a division of Fougera Pharmaceuticals Inc.,cKy[gdKh9<
E. FOUGERA & CO. A division of Fougera Pharmaceuticals Inc.,Bkb`lrD
E. Fougera & Co. a division of Fougera Pharmaceuticals Inc.,q7VKmxY
E. FOUGERA & CO. A division of Fougera Pharmaceuticals Inc.,v]thOv:
E. Fougera & Co. a division of Fougera Pharmaceuticals Inc.,g<3O;ttxd\
E. FOUGERA & CO. A division of Fougera Pharmaceuticals Inc.,z3t>ihK77
E. Fougera & Co. a division of Fougera Pharmaceuticals Inc.,bcGb_1Iu}}D
E. FOUGERA & CO. A division of Fougera Pharmaceuticals Inc.,O[UV]S
E. Fougera & Co. a division of Fougera Pharmaceuticals Inc.,|PI>`O1|\e8X
E. FOUGERA & CO. A division of Fougera Pharmaceuticals Inc.,nuy:i5
E. Fougera & Co. a division of Fougera Pharmaceuticals Inc.,JcEOj^bP{66
E. FOUGERA & CO. A division of Fougera Pharmaceuticals Inc.,x@sup[
E. Fougera & Co. a division of Fougera Pharmaceuticals Inc.,4nVLS;UWLzK
E. FOUGERA & CO. A division of Fougera Pharmaceuticals Inc.,cYe[Z6|kiG>
E. Fougera & Co. a division of Fougera Pharmaceuticals Inc.,@>4OdVNk3PjP
E. FOUGERA & CO. A division of Fougera Pharmaceuticals Inc.,{:UrtV
E. FOUGERA & CO. A division of Nycomed US Inc.,zXB5\XZ:mr
E. FOUGERA & Co. A division of Nycomed US Inc.,0:3CZZ
E.FOUGERA & CO. A division of Fougera Pharmaceuticals Inc.,lS_myIWk
E.FOUGERA & COMPANY A division of Fougera Pharmaceuticals Inc.,j<M:q:Wg:;
E.L. Erman Cosmetic Manufacturing Ltd.,6rQN[\ok
E.R. Squibb & Sons L.L.C.,GgKh^|3H;
Eagle Pharmaceuticals Inc.,bIzOxx2
Eastern Century Pharmaceuticals,jS@UTHTwjG8
Eau Zone Oils & Fragrances LTD,hGRWpo
ECI Pharmaceuticals LLC,@B|g4tDUoE
Eckson Labs LLC,icafay
ECO INDUSTRY CO. LTD,tylvBN?\qkn
ECOBIO Medical Institute Inc.,3Y6}[s]5
Ecolab Inc.,z?TVMV
Eco-Logics Inc.,|:lOB}gp
Ecometics Inc,xp{48[]ByFu
ECOMINE Co. Ltd.,1<c7zUz
ECR Pharmaceuticals,?5n}_t`
ECR Pharmaceuticals Co. Inc.,i@w0j`|Z5;
Edenbridge Pharmaceuticals LLC,_w^Rn\RUBDy:
Edgewell Personal Care LLC,0pw\N9q6T
EDP Inc.,T`DFGSGpJ
EDWARDS PHARMACEUTICALS INC.,QC6G_O2FX3Kf
EFFICIENT LABORATORIES INC,2:W:HH_jWy>Y
Efficient Laboratories Inc,R<8w`?i3p
Ei Inc.,=Y89ZHmql
Eight and Company,I?N74fJ^
Eisai Inc.,XnK7_IMDtg<
Elcure Co. Ltd.,;=AGaU3{
Eli Lilly and Company,=mya>BI?Kk7
Elizabeth Arden Inc,wXjHHf@
Elorac Inc.,U6p_^QT
Elroselabs Inc.,Q}o=MI
Elusys Therapeutics Inc.,LW=bgDkiqA
EMD Serono Inc.,Bpe^3]r
Emergent BioDefense Operations Lansing LLC,gnm4L4F>\W
Eminence Organic Skin Care,zVk;X?0S4{WK
Emmaus Medical Inc.,zJMKsGf_[f
Empack,0kl3^RPF=p
Empack Spraytech Inc.,qM6Fitj{yz
Enaltus Inc,aY7R5mQU2
Endo Pharmaceuticals Inc.,BM@l6B[
Endo Pharmaceuticals Solutions Inc.,uJqgCXp;B=oD
Energetix Corp,01_wk^p=
Energique Inc,6My_bdW
Energique Inc.,YS{mp\3C
ENERGIQUE INC.,A`zi:0EZh<>
Energique Inc.,QfiyCg[
ENERGIQUE INC.,Ev3`iBB|dBn
Energique Inc.,36JYP_6N7\
ENERGIQUE INC.,SB8UBTaW
Energique Inc.,6PAEtT5gtcm5
ENERGIQUE INC.,4tdmQR
Energique Inc.,tEJ1@5kX[nf=
ENERGIQUE INC.,sp3H=8
Energique Inc.,4zSNbV
Engergique Inc.,ibQ_{5h
Entechbio Co. Ltd,<Koj@\
Entera Health Inc.,TqE[1hhXA@
Eon Labs Inc.,KiT0Bw2e
eos Products LLC,y0Yns@9}ETq
Epic Pharma LLC,xoX1k4dT{Dp
EPIEN Medical Inc,FB:|KG6W
EQ Maxon Corp.,V[ctYF8sqW
EQUALINE (SuperValu),A5cTv@<|4s
Equibal Inc.,Fs`f_6>9:0Pc
Espero Pharmaceuticals Inc.,A4E:pJ;@
ESTEE LAUDER INC,4[e6Ge
Ethex Corporation,}W@_9h8n
Ethicon Inc,whaODB}XCVE\
Ethicon Inc.,PP0kW^HPJH
Euphrasia,}Z6{mXtmfVb
Evercarepharm Co. Ltd,;^^CEV5\
Everett Laboratories Inc.,jsdx2dQ\Nz
Exact-Rx Inc.,[\QDijO4v
Exalenz Bioscience Ltd.,mlj7C|o
EXELA PHARMA SCIENCES LLC,\yRH935l
Exelixis Inc.,Y}p85TBNl
Exeltis USA Dermatology LLC,HEvH8[N
Eximus Connections dba Herbal Destination,o|xsj[YyPVf
EYEMEE THE BEAUTY CO. LTD,T^A1yaR
E-Z-EM Canada Inc,xOsk`YI
E-Z-EM INC.,yb4@{16yEi
F&CO Co. Ltd.,EBvYfvDu\
fabrication enterprises,T_Xicz6DR9w1
Fabrication Enterprises inc.,HVBjJt
Face Reality Skin Care LLC,AVJ?tZZUX`I
Falcon Pharmaceuticals Ltd.,:2>QnBBye9?J
Fallien Cosmeceuticals LTD.,Vj?=@c]lq
Family Dollar,_f;vGH
Family Dollar (FAMILY WELLNESS),<OP]JM@MN0
Family Dollar Services Inc,is<rYSh
Family Dollar Services Inc.,PcotNDCva
Farmina sp. z o.o.,}L065t\AaR8
Feelgood Health,=d:u\6\8mcMz
Feneral Injectables & Vaccines Inc,^B[[=H
Fenwal Inc.,_bZd:h
Fercy Personal Care Products Co Limited,LxanjJ
Ferndale Laboratories Inc.,eXU0NudDrgQz
Ferring Pharmaceuticals Inc.,<<7[iEWXH=bF
Fillcare Limited,EDxLcv
First Aid Beverages Inc.,X^Rf\L[kQP
FIRST AID RESEARCH CORP.,{uVVWG`pt<k
fiteBac SkinCare LLC,11VUa;b
Fluoritab Corporation,>duGxH0r\
Flutrends International Corporation,SYX;[[_I
FOCUS Laboratories Inc.,HQhrT0w^xZ{
Forces of Nature,K|zZ6fd
Forest Laboratories,<<S5e^
Forest Laboratories Inc.,rrnL|_
Formulated Solutions LLC,hA;@mA_`B;Kl
Fortus Pharma LLC,_7[k^@zt
Forward Science Technologies LLC,@T^eZyH2C@jk
Foshan Flying Medical Products Co. Ltd.,aSy1MN\q2Bs]
Franklin Pharmaceutical LLC,oI0?i?}lr|H
Fresenius Kabi Austria GmbH,eD7Fuws
Fresenius Kabi USA LLC,R;H;gP[:
Fresenius Medical Care North America,0h>bhhyfM
FSC Laboratories Inc,@xeiCQ^Z
FSC Laboratories Inc.,_]B@DRpApKW
Fujian Meigulin Bio-Technique Co. Ltd.,ehTRs@
Fusion Pharmaceuticals LLC,DYCvOv
G & W LABORATORIES INC.,@BiI;59bH
G&W Laboratories Inc.,Q[nlH0dVjEd\
G.D. Searle LLC Division of Pfizer Inc,2c?0eqCL
G.S. COSMECEUTICAL USA INC.,:6T0Z1\
Gahwa Well Food Co.Ltd,}QeAiI03|@
Galderma Laboratories L.P.,8=YrpS;Ay|9c
Galena Biopharma Inc.,d_3NVgN
Galsor S.r.l,EtViJSQ
GAVIS Pharmaceuticals LLC,FqJWPbYpd?z
GE Healthcare Inc.,018FcEuT
GEISS DESTIN AND DUNN INC.,^0;CdaI?YbDt
Gemini Laboratories LLC,>7{[jxW>l@;=
Gemini Pharmaceuticals Inc. dba Plus Pharmaceuticals,9b@1<@z^ws\
GEMPARK CO LTD,S\\G0Xk{<Dr
Genentech Inc.,JkjZPc8l
General Bio Co. Ltd.,@u}3eSY
General Injectables & Vaccines Inc,NlMyhp
General Injectables and Vaccines Inc,qi^A}bDD=c>X
General Injectables and Vaccines Inc.,2]tXvA|
GeneraMedix Inc.,G\]<^BKC
Genesis Imports & Exports,6o@njei
Genesis Pharmaceutical Inc.,xGJmh3i^K]
Genexa LLC,3NLGGEw
Genoma Lab USA Inc,FZcsIE305Tm>
Genomma Lab USA Inc.,ExR>nqZLcNGp
GenPak Solutions LLC,cUPM@`?gw
Gensco Laboratories LLC,BJ2eXXsD>
Genta Incorporated,sYmG9HQFIU
Gentex Pharma,D[IK0u
Genuine First Aid LLC,Am<E:gD
Genuine Virgin Aloe Corporation,qV<kZlC3Vm_T
Genzyme Corp.,Nua>fm3P1;?
Genzyme Corporation,te|dcu<U>E
GEORGE L. RODRIGUEZ M.D. PC,veM2mO{Qb=
Georgetown Health LLC DBA EssentiaLife,uB[@9j]L6G]2
GeoRim Pharmaceutical,Z4>@59]7G;f
Geri-Care Pharmaceutical Corp,|8uk=I
Geri-Gentle Corporation,3s?wjCJnf
Geritrex Corp.,ncY:av=q
GERITREX LLC,fq>;eO@8y:nl
Geritrex LLC,Suixb[
giggle,TA7oB:m=:AV
Gil Pharmaceutical Corp,42Mn9Lz[}m
Gilead Sciences Inc,{Ztr[lR>;KjS
Gilead Sciences Inc.,8f{KDvi;PgBD
giod Co.,vsQcS?`d;
GK COSMETIC CO. LTD.,_zFWa{nCyi=F
GlaxoSmithKline Biologicals SA,Rt><VLCK_hC
GlaxoSmithKline Consumer Healthcare Holdings (US) LLC,F6<FDqy
GlaxoSmithKline Consumer Healthcare LP,XdixN76No
GlaxoSmithKline LLC,T?a7w>B:AxVU
Glendale Inc,a0gUCVI:
Glenmark Generics Inc. USA,7Yw`T=D^]N
Glenmark Pharmaceuticals Inc. USA,KPWb=8q
Global Isotopes LLC dba Zevacor Molecular,nwdG^[8zknB
Global Pharmaceuticals Division of IMPAX Laboratories Inc.,R=B66J{=w9O
Global Pharmaceuticals Division of Impax Laboratories Inc.,r;naX_b
Global Treat srl,hc7ec[U]5=K
GM Holdings Co. Ltd,DGn}65
GM Pharmaceuticals Inc.,kMel6PgGUo
GM PHARMACEUTICALSINC,HT`OHR9eXi
Golden State Medical Supply Inc.,c@iHw{o_k2
Good Neighbor Pharmacy,_s}V2k
Gordon Laboratories,A{4y9LdD\6fp
Gordon Laboratories Inc,6NytvaLRHN
GOWOONSESANG COSMETICS CO. LTD.,kV}q5A9{3`Yf
GR8BIO LLC,{aC{]X[]W
GREAT LAKES WHOLESALE MARKETING & SALES INC.,QdP9nGAMej7
Green Cross Corp,jl@J}ytOs`{
Greenbrier International,`50L<J_K6S
GREENBRIER INTERNATIONAL INC.,@}be;|1Xk
Greenbrier International Inc.,Hpw}GN]N_
GREENBRIER INTERNATIONAL INC.,<ByI9b@g`>A
Greenstone LLC,EnN@jny
Greer Laboratories Inc.,D2z{V4om6rBI
Grifols,vWB@\B|7h;
GRIFOLS USA LLC,A[;mzTT1Q\
GTC Biotherapeutics Inc.,1zQNDsV
GTx Inc.,KIBV^nxlK
GUANGXI YULIN PHARMACEUTICAL GROUP CO LTD,M?}F9lxm@w7
GUANGZHOU BAIYUNSHAN JINGXIUTANG PHARMACEUTICAL CO. LTD,X<lvVK
Guangzhou HanWindBeauty Commerce Co.Ltd,c[2ezP7KN^uC
Guardian Angel of Preventive Dentistry,p<5dv;|e2
Guerbet LLC,]yc74AbHTr
Guna spa,LFO^jQ_Kyy2
Gurwitch Products L.L.C.,ssITtD
Guthy-Renker LLC,H\>ZjF?Qm:B
Guthy-Renker LLC.,HRDyg]Q`B
H and P Industries Inc. dba Triad Group,\h`G|k?>u
H E B,IRm{[Z
H&C 21 America Inc,BsWMyitv1c
H&H Laboratories Inc.,Ro:P}N`
H.J. Harkins Company Inc.,tJGzuGr8@e
HA U DONG CHUN,plEVbL{^^b<
Haemonetics Corporation,W7=QKRLs
Haemonetics Manufacturing Inc,IcR[P=
Hahnemann Laboratories Inc.,yV9|65z^8V
Hahnemann Laboratories Inc. dba Alpine Pharmaceuticals,OEHXOIim@4L
Halison Pharmaceuiticals USA Inc,?a5W?[zIDqKe
Halogent LLC (DBA Exposed Skin Care),<:9a}kh
Halozyme Inc.,onW<T:b]7PI
Halyard Health,e}efG4OBK
HAMABIO Co. Ltd.,hEUv6qUWo34q
Hameln Pharma GmbH,jS4Uqlw=@j
hameln pharma plus gmbh,4ib=3=`1
HAMSOA PHARMACEUTICAL CO. LTD.,N9kQz2^<?_Z
Hanaim International Llc,>QAE?ZUi?
Hanbit Korea,W1;[H^^JfDW
Handock Cosmetics Co. Ltd.,Mch3B:
Handock Cosmetics Inc,^p4ekvy
Hangzhou Facecare Cosmetics Co. Ltd.,PCIoT|t
HANGZHOU KARIC COMMODITIES CO. LTD.,2yU:KvTn<
Hankuk Bowonbio Co. Ltd,@5g_h6Et
HANLIM PHARM. CO. LTD.,9Pp@kHH<[
Hannaford Brothers Company,8qlD7SuU[g6
Hanover Pen Corp dba HPC Global,Pm\vl6^<0
Hanul Trading Co. Ltd.,]p15`^p>gw{e
HANUL TRADING CO. LTD.,J@=z^DMa
Harmon Stores Inc,u|e}7tSt
Harris Teeter LLC,;MIgVXcOc@}a
Haun Welding Supply Inc.,1gpssV=sIb
Have and Be Co. Ltd.,TPFpx7
Hawthorn Pharmaceuticals Inc.,0hOFlJRLji
HCD Sales,AY@rJ}0Je
Healing Natural Oils,`0YRn>GI_
Healing Natural Oils LLC,t7]bDAgLy
HEALINGAM CO. LTD,]K7dmX^K54Gs
Health Care Products,333z6?
Health Science Funding LLC,HYASGxfCB
HEALTHLAND LLC,TV9v<fwj56
HealthLife of USA LLC,zut>fg
HEALTHPOINT LTD,[yY3CZs
Health-Tech Inc.,9yzTL}q8>mNd
Heavenly Harvest Inc.,55JXvA
HEB,]3f>u\@
H-E-B,scxLYJjqP
Heel Inc,dPoNOp>W
Heilen,LFczs]Ui
Hello Life Inc.,8\uR][]
HelloLife Inc.,xk9[;gNSp3]|
Hemispherx Biopharma Inc,`}mntxJ
Henan Lingrui Pharmaceutical Co Ltd,JQ^Pwe7RbqM
HENAN LINGRUI PHARMACEUTICAL CO LTD,_]=|PtH
Henan Lingrui Pharmaceutical Co Ltd,N[qREKQ
Henry Schein,>ON6N8PcWBz^
Henry Schein Inc,3fnLHHJRV
Henry Schein Inc.,U=G0np1?t
Henry Thayer Company,328ex?j@sW
HER ACCESSORIES,sdr9|GfJD
Herbalife International of America Inc.,47_3JO_VpS
Herbology International LLC,u[R;|E6`8w]e
Heritage Pharmaceuticals Inc,tg0NK{}SNFAe
Heritage Pharmaceuticals Inc.,zN32hPCW5
Heron Therapeutics,;x?Il`
Hevert Pharmaceuticals LLC,NdJw{hM[MCh
Heyl Chem.-pharm. Fabrik GmbH & Co. KG,MOzCrJtQf:DN
HIGH CHEMICAL COMPANY,ud=c[9[E
Highland Consumer Products,Pe8n3<\4\n
HIMPRIT PHARMACHEM PVT LTD,nXuvUon:N
Hisamitsu Pharmaceutical Co. Inc.,[G0N@M8W
Hisun Pharmaceuticals USA Inc.,i8dD6dK
Hi-Tech Pharmacal Co. Inc.,D3^sW^KV{t
HLscience Co Ltd,Fm{himLl8H
Hobart Laboratories Inc.,E4INZ;V
Hollister-Stier Laboratories LLC,2_SCAu\
Home Aide Diagnostics Inc.,4rnBC^{ImB
Home Sweet Homeopathics,J1sMsazW6
Homeo Health Inc.,2DmJ5y]3D
Homeocare Laboratories,co:[u8_
Homeocare Laboratories Inc.,^R}kcWA5n1{g
HOMEOLAB USA INC,choZ}}E
HOMEOLAB USA INC.,w8^P?Iwal
Homeopath Ellen's,tA=lJuXpml[
Homeopathic Services Inc.,cQFwsF
HomeopathyStore.com,|Ix7N<C[
Homeostasis Laboratories Inc.,^M[Ph][GXRl
Hope Pharmaceuticals,00|Io;5J1]
Horizon Pharma Inc.,mn@A`f=q
Horizon Therapeutics LLC.,@03AR;0Hl[?
Hospira Inc,OEeX5uk\lV]8
Hospira Inc.,Az9Rcbvgzi5W
Hospira Worldwide Inc.,?M]508ka`^
HUB Pharmaceuticals Inc.,rxTKWwd
HUB Pharmaceuticals LLC,JhoCSI
Hucord Co. Ltd.,exg\f7F\r:
Hudson Scientific LLC,B[eB?q
HUGEL PHARMA CO.LTD,P|mCsVp
Humajor Co. Ltd.,VjjNeXkETl>u
HUMAN AND NATURE CO. LTD.,x_y<o@
Human Genome Sciences Inc.,y2EHZxx445oG
Humanwell PuraCap Pharmaceutical (Wuhan) Ltd.,qF\:KW6nB
Humco Holding Grou Inc.,Kp{84R_[T
Humco Holding Group Inc,^XgyxTlmgf0\
Humco holding Group Inc,XpGP<]jR[[S
Humco Holding Group Inc.,puJC61TkVZ9?
Humco holding Group Inc.,UgUg=\5
Humco Holding Group Inc.,fe}8MEw]f:
Humco holding Group Inc.,vU95okm6O
Humco Holding Group Inc.,q7m==1Zn{
humco Holding Group Inc.,wV>QO[ELhvp
Humco Holding Group inc.,`X2?`D
Humco Holding Group. Inc.,vZ<l2octC
Humphreys Pharmacal Incorporated,Hx_kC9g\IW
HUSH Anesthetic,2YpG:MMYs
Hydrox Laboratories,wMorf2}
Hyland's,S<B;_lAHyrK
Hylands Inc.,e0ktA0=ra<zA
Hyland's Inc.,>Qdl^Y?
HYSAN PHARMACEUTICAL CO LTD,yaiqMr?_nc
HYUNDAI IBT CO. LTD.,EXEDBRqzt6}q
HyVee Inc,:5VUp9^{9X=G
HZNP USA Inc.,4m4x_KVXcr
I. Shay Cosmetics,mO6e}6C3Kb]
IASO Inc,CfX;NkZG
ID Biomedical Corporation of Quebec,GnexGK}ic
Idelle Labs Ltd,o3jke;j3E1=
ILDONG PHARMACEUTICAL Co. Ltd.,TV3Hg\<XbF{
ImClone LLC,^3j5i`}tJ
Immunex Corporation,r_m{`{Jj[
Impax Generics,ah|gtd{rhY
Impax Specialty Pharma,8a6x3t7B
In This Morning,v0x5|{{VNb
Incyte Corporation,ZSlPihwzoj
Independence Pharmaceuticals LLC,nZmH9[BI;SH
Indiana Botanic Gardens,5XWZ[7]S
Indivior Inc.,PNliDv
Infinite Therapies of Sarasota Inc.,XHQAvBwZX}
Ingenus Pharmaceuticals LLC,0nMCsDU6J9m
InLight Creation LLC.,R>z7z]}:NN
Innocutis Holdings LLC,oO8a`e:M^nP
INO Therapeutics,UNRrIt<
Insight Pharmaceuticals,@6Kaf<qt
Insight Pharmaceuticals LLC,JgcOk1nIhc@
Insys Therapeutics Inc.,9<B][`w^5?h
Integra Health International S.A. de C.V.,rK|I_l0Ojb
Integrated Pharma Solutions LLC,]mM>Z}\1`Iw
Integrated Pharma Solutions Llc,26R;@O
Integrative Healing Institute LLC,2ZmQ7hy
Integria Healthcare (Australia) Pty. Ltd.,em3v{1eU;^3
Integria Healthcare (US) Inc,GoRXKDzK
Integria Healthcare Ballina,WsDE2g
Integria Healthcare US Inc.,F|O^>XP`@9i
Intendis Inc.,Csm7:}j5QQF
Intercept Pharmaceuticals Inc,MuwS{]HG
International Brand Management LLC,j3q5}1
International Laboratories Inc.,@gzo<^m
International Medication Systems Limited,K8By|=
International Nature Nutraceuticals,6@J>5fW
International Wholesale Inc.,vq>L0rh>X0
Interpharma Praha a.s.,PC8x`sz
Invado Pharmaceuticals LLC,ysW^_:07jaM
Ionx Holdings dba HelloLife Inc.,npIIzM<h:a3R
Ionx Holdings dba HelloLife LLC,?0`ZSWyse
Ipsen Biopharmaceuticals Inc.,KxNb\Rck;8
IQQU USA Co.,RRasWa
Iroko Pharmaceuticals LLC,cbTQLG
Iso-Tex Diagnostics Inc.,;bGWE}}
IT3 Medical LLC,;:{0VQj@ALp
Itonis Inc.,Vv@T8dwTh
ITW Dymon,JwYMCSjk
IVAX Pharmaceuticals Inc.,gcr8vf]O?Rx^
Ivy-Dry Inc.,7|^16fg4xLU
Izun Pharmaceutical Corporation,nfeA>FpLZeW
Izun Pharmaceuticals Corporation,@BUYKIw{
Jacobus Pharmaceutical Company Inc.,wCJPCOO
JAFRA COSMETICS INTERNATIONAL,JZl>f7[q2
Jafra Cosmetics International Inc,RusP3iJ@L>
Jai Pharma Limited,4F7LdK=x<
James Alexander Corporation,AgXy1Y5\J
Janssen Biotech Inc.,:cK9V@MfZdTp
Janssen Pharmaceutical Inc.,xtLo=VvizC
Janssen Pharmaceuticals Inc,^o4SKR
Janssen Pharmaceuticals Inc.,yp7vjpY8|1`
Janssen Products LP,|:K0Tqje:EJ
Jaymac Pharmaceuticals LLC,Frh^DXNHtS
JAYMAC Pharmaceuticals LLC,[1>`O[H
Jazeera Pharmaceutical,vlcxh^T
Jazz Pharmaceuticals Commercial Corp.,Od>[IHp<n
Jazz Pharmaceuticals Inc.,v[U^ZLc
JBC CORP,C<{jZc;c
JD888 LLC,_4Z6hGnAcjE
JENAHEXAL PHARMA GMBH,LzO]uC5C]aM
Jeun Cell Ltd,qS|hhQ
JF Labs Inc.,V[U}PmJBk<C=
JHP Pharmaceuticals LLC,y_5y4RWq
Jiangsu Province JianErKang Medical Dressing Co. Ltd.,^I>{U2q
Jinju Bio Food,0t`{wFsx_R}R
JMBio Co. Ltd.,253ELL
JMSP USA LLC,zib4l=xt1vB;
JN Pharm,w:J]CiMR9
Johnson & Johnson  Consumer  Inc.,SE}in];Z_=Y
Johnson & Johnson Consumer Inc.,}_gwBT
Johnson & Johnson Consumer Inc. McNeil Consumer Healthcare Division,3{>x0=
Johnson & Johnson Consumer Products Company Division of Johnson & Johnson Consumer Companies Inc.,VB}Kid4Ac762
Jose Maria Licona Saenz,YdJo[MvI|
Jubilant DraxImage Inc,e:\FgFvc}awO
Jubilant DraxImage Inc.,KRX7ZrA<X
Jubilant HollisterStier LLC,0\c^>z19
Julep Nail Parlor,^A<73SU
Jurlique International Pty. Ltd.,v[s[bl]cC]F
K Mart,=d85:|0=@E
K&J.C Co. Ltd,EoRr[vTgwf{o
K5 BRANDS LLC,W{4^LGoK
Kadesh Inc.,o6R6o3sT^
Kadmon Pharmaceuticals LLC,uHH<o:vO[DA>
KAISER FOUNDATION HOSPITALS,MS;Pc3[
Kaiser Foundation Hospitals,{xkim>A
KAISER FOUNDATION HOSPITALS,RK>SE\qK
Kaiser Permanente,n@e1B{
Kamins Dermatologics Inc.,I`z{W}>
Kara Vita Inc.,MuG[>iHpR\n
Karalex Pharma LLC,62T3B`2U8^yo
Karalex Pharma LLC Woodcliff Lake NJ 07677,djp7kY
Kareway Product Inc.,CMH;S;jf
KATE SOMERVILLE SKINCARE LLC,zh6;rZ
Kayone,;jB5>>`DhUc
Kay's Designs International Limited,{b=Ob>EC|d9
KC Pharmaceuticals Inc.,E]xi7[Y
KEDRION BIOPHARMA INC.,?YVK}MPl
Kedrion Melville Inc.,}yi:H3I8V
Kedrion S.p.A,yIi2}r8JX
Kelada Creative Group LLC DBA SALVE,]^xTRNp`q8j
Keryx Biopharmaceuticals Inc.,<xC2tfvxO0>
Kevin Sullivan Navillus,ZyUQ]l
Key 2 Health Inc.,tqx8V:{cRl
KEYSUN PTY. LIMITED Also Traded as KEYSUN LABORATORIES,|l:ClXUZ
KHLEEKOREA,ON}vdib]7xT
King Bio Inc,VcQlOIbJ
King Bio Inc.,\^sJ49>bMk
King Richard Promotions dba DBI,VN=rMMfH^w\
Kingsway,NsTpHSZS[VB
Kingsway Trading,|<ab=YRz4A[
KINKANDO CO. LTD.,d^}8tdU
Kinray,vjo:45muKu<x
Kinray Inc.,930lvQ
KIT Living Science of Kyungnam College University of Information & Technology,yxIi;pE9C
KJ TRADING JK GLOBAL(TRADE),d3w7<u
KJI Industrial Co Ltd,[g<VK5c|
Kmart Corporation,}fGI6f
KMTR Co. Ltd.,Gr8L^3mc{
KONEL,cxyF>N|
Konsyl Pharmaceuticals Inc,MjJ3qq{
Konsyl Pharmaceuticals Inc.,f5@Ucmd
Korea Genetic Pharm Co. Ltd,fC0hf5OSknhB
Korea Ginseng Corporation,<6<N{k2
Kosan Kozmetik Sanayi ve Ticaret A.S.,ty;sw\8inGdi
Kowa Pharmaceuticals America Inc.,`}:\kCH6
KPSS Inc.,\4NJo0
Kramer Laboratories,uhd}?J[@
Kramer Novis,D\_:?w4Q1^=
KRAMER NOVIS,Mtr^PPkpE
Kramer Novis,6rl6zrHnoaW
Kramer Novis.,3;|lALO4hqsV
Kremers Urban Pharmaceuticals Inc.,5^8{[F
Kroger Company,xRRQ]t_=qc7@
Kumho Dental Pharm. Co. Ltd.,LNcOV0|TpBm7
KVG Group Inc,Dxf5VMpM\z
KVK-Tech Inc.,811Y:zvG
KVK-TECH INC.,dH9fH`N
KVK-Tech Inc.,]HzGPo:^d{b
Kyowa Kirin Inc.,tPKcOkO
Kythera Biopharmaceuticals Inc.,\\78r_
L Perrigo Company,b|VkO_
L&R Distributors Inc.,GV9uB1L6
L. Perrigo Company,cV1N4nY
LAB & Company Inc.,^USD2LxnXv
Laboratoire Aguettant,O7sJk?v_>X3f
Laboratoire HRA Pharma,?oZD=o8P>>g
Laboratoires Boiron,q4pF;Fl
Laboratoires Clarins S.A.,L1qZSf;
Laboratoires Dermo Cosmetik Inc,aP|2CKco;@63
Laboratoires dermo Cosmetik Inc,U4XaCCW=eCpo
Laboratoires Dermo Cosmetik Inc.,|R4zqj
LABORATORIO GENOVE S.A.,^hxRrP9`QhT]
LABORATORIO MAGNACHEM INTERNATIONAL SRL,`wJ:O{
LABORATORIOS BREMER S.A.,`Adf^qh[\>^O
Laboratorios Dr. Collado C x A.,gKKN2hQ_b55s
Laboratorios Imperiales S.A. de C.V.,|l_m[5Wj
Laboratorios Jaloma S.A. de C.V.,R2i{j4<
LABORATORIOS SOPHIA S.A. DE C.V.,a=<3M38[
LaCorium Health International Pty Ltd,P;P?d;x5a>
LaCorium Health USA Inc.,ownn@n?B
Laderma Trading Pty Ltd,\efu4d9j4
Lake Erie Medical & Surgical Supplies DBA Quality Care Products LLC,cmkawar{xke
Lake Erie Medical & Surgical Supply DBA Quality Care Products LLC,nXR\w2db<
Lake Erie Medical DBA Quality Care Products LLC,eo_NLDcY
Lami Products Inc.,50o2>mh
Landy International,A_4qWo9Gb
Lange SAS,3N4moP
LANGE SAS,y@GCm[jS
Langford Research Institute,;?w7WAu8VO
Lannett Company Inc.,Q;84FpNDOHn
Lantern Enterprises Ltd.,oyva^EE4`
Lantheus Medical Imaging Inc.,E5|z[Qz
LAORGANIC Co. Ltd.,S9MpAFuica
Laser Pharmaceuticals LLC,:{H}MknZ
LAURA GELLER MAKE UP INC.,_h[LDO
Laurus Enterprises LLC,f`]RZkkB:
Legacy Biotechnologies Inc.,zdrsF|hZ
Lemonmyrtle Korea Co.ltd,i`cz>X{r
LEO Pharma Inc.,RFM{Z\izGKvT
Lexicon Pharmaceuticals Inc.,shJK<idl
LG Household and Health Care Inc,iRElYPmzn{Me
LG Household and Healthcare Inc.,n4|aM>K0
Libertas Pharma Inc.,F}AKfH
Liberty Pharmaceuticals Inc.,0vF9}lH7UJ{X
Liddell Laboratories,0^?SqL
Liddell Laboratories Inc,A4gU2}QqEaOb
Liddell Laboratories Inc.,ob<YKSEmKyU
Liebel-Flarsheim Company LLC,j[JpRP\I
Life Line Home Care Services Inc.,_]ntLMAsBV
LIFEON Corp.,KLm}\o@
Lifetech Resources LLC,_JxXYJzR
Lifewave Inc.,1<;MNtxFdH
Lil' Drug Store Products Inc,ekH`91t|4F
Lil' Drug Store Products Inc.,wWRh681zJ
LivCorp Inc.,tn}3>q5
LivDerma Inc.,oph8DqE
Living Well Pharmacy Inc.,j|v6?rN3bfD7
Living Well Remedies LLC,<FaS6cKj
LLC Federal Solutions,ZfE=|XC{@EKF
Loesch Laboratory Consultants Inc.,V;iNG6jTm
L'Oreal USA Products Inc,MtAa^MMA
LOTUS BRANDS INC.,Lsjq[TcR
Lotus Brands Inc.,C;pUgLhx
LUBASBIO CO. LTD,SaMKZCp
LUCID PHARMA LLC,1EnFKkU
Lugus Group LLC,GUu?@}aj^
Lundbeck Pharmaceuticals LLC,p4r6z52{u
LUPIN LIMITED,[keJFQ]<o^yD
LUPIN PHARMA,27?7ay3Jm[R
Lupin Pharma,u::0JlEd
LUPIN PHARMA,|Ds]`?=
Lupin Pharmaceuticals Inc.,iRIyF<KdG[je
Lyne Laboratories Inc.,z[UD|C
Macleods Pharmaceuticals Limited,DD7@_A
Maco Productions,Rk\1UT
Macoven Pharmaceuticals,viYev^ng=@
Magna Pharmaceutcals Inc.,0oou>d`pYVbX
MAGNESIUM DIRECT INC.,bLd{h2^MkxBC
Magni Company,|[EC8g1htf
Major Pharmaceuticals,BVzE?hXX
MAKESELLER GROUP INC.,AJ8VaKwxx2u
Mallinckrodt ARD Inc.,7g5f<1to:{p
Mallinckrodt Hospital Products Inc.,UM0bzBOp
Mallinckrodt Inc,iJZH>=wb
Mallinckrodt Inc (Brand Pharmaceuticals),N@zQgxVFB3
Mallinckrodt Inc.,>7rZc|t?lL
MALLINCKRODT NUCLEAR MEDICINE LLC,EvMo7YUU
Manchester Pharmaceuticals,q8QIKNG2NJ?
Mann & Schroeder GmbH,Ax?S[Ja?oi?B
Mannkind Corporation,J3LPeq{A
Mantong,TBR4UV_
Marathon Pharmaceuticals LLC,9DI[HX`y^]6
Marco Pharma International LLC.,HBdUQ`zEnYB
Marlex Pharmaceuticals Inc,LrvxqFSV2?3[
Marnel Pharmaceutcals Inc.,liwKjU9Eq
Marnel Pharmaceuticals Inc.,7afc<66[:o\
MARTIN EKWEALOR PHARMACEUTICALS INC.,9vSD]IQ>WR7C
Mary Kay Inc.,hb[9i2Ez14
MARYHELEN ORIENTAL MEDICINE RESEARCH,AOJIw0yS]
MAS Management Group,yttPkT?Z:|xi
MAS Management Group Inc,zF>d5Ir5pB:
MAS Management Group Inc.,hcDhRJ
Matrixx Initiatives Inc.,R]^[M>WTO
Maximum Results Solution Inc.,0^D75G[B
Mayer Laboratories Inc.,\T9bd{zl
Mayinglong Pharmaceutical Group Co. Ltd,H@POal
Mayne Pharma Inc,`toA8cfr
Mayne Pharma Inc.,Dyl_KJd1\
Mayo Clinic,k6HGWS|0K
MBG Inc (Korea Institute of Science Development),ocfo[gD=o}
MBI Distributing Inc.,t3ly|qgpu}
McKesson,nzM2JH8cd|Nk
McKesson (Sunmark),4L<BfEz\
McKesson Corporation,39j:ruPw
McKesson Packaging Services Business Unit of McKesson Corporation,_H\XMXDI
MCLAREN MEDICAL INC,8`AzN<;?kv}X
Mcure Health Solutions Inc.,dK3byB
Meda Consumer Healthcare Inc.,@wjf3ck
Meda Pharmaceuticals,DZ9r|H\a
MEDA Pharmaceuticals,sj`r\8
MEDA PHARMACEUTICALS INC.,rwSm0wpXzT
Meda Pharmaceuticals Inc.,u<p3|_
MedActive Oral Pharmaceuticals LLC.,z4G:kqeEk
MedChem Manufacturing Inc. dba Enovachem,vBme4B65Lv=
Medecor Pharma LLC,L`kdv;WiCC_
Medforce Solutions Inc.,6afP5Mm
Medical Chemical Corporation,mWReJ7x9F0Xn
Medical Technology Products Inc.,wm{jzIQjBFvz
MEDICAL WEIGHT LOSS INSTITUTE,2ioC>b
Mediceutical Laboratories LTD,{@f[:oFQ
Medicis Pharmaceutical Corp,QWStKn
Medicure International Inc,rp\XgFE2{
Medimetriks Pharmaceuticals,eKpHBgVz=rD
Medimetriks Pharmaceuticals Inc.,D]h2rg
MedImmune LLC,uD^FF|l
MediNatura,drg^d|F
MediNatura Inc,2jz4[t
MediNatura Inc.,}y?hyI2K
Medi-Physics Inc.,:SAZQU8oTUtm
Medi-Physics Inc. dba GE Healthcare,2QK36vLs
Medi-Physics Inc. dba GE Healthcare.,?XEYQE=9t
Meditrend Inc. DBA Progena Professional Formulations,mwWCKZo>PSA
Medline Industries Inc.,mF[@1?Esj
Medtech Products Inc.,4zh1Hh1:j3hW
MedVantx Inc.,i?<7EYpGk<z
MeFactory Co. Ltd.,hZyCEn@I:
MEGASOL COSMETIC GMBH,KW1|v<v5
Meijer,ukZB6N
Meijer Distribution Inc,qlLOSQ^<JI
Meijer Distribution Inc.,lv7Yo;A1MS
MEIJER INC.,W^=Jg^f
Menper Distributors Inc.,lRNE\dYaVuo^
Mentor Lab,]VTA|^
Merck Sharp & Dohme Corp.,_BOkhLu7g
Meridian Medical Technologies Inc.,T7Qiw;
Merle Norman,1h8E4Il
Merle Norman Cosmetics Inc.,ErWs]WBYI
Merrick Medicine Company Inc,Zlt5]qm:xVqe
Merus Labs International Inc.,T>k\OH@D
Merz North America Inc,pm>049
Merz Pharmaceuticals LLC,lwa5p3k
Methapharm Inc.,l:;J:SZ
Method Pharmaceuticals LLC,u^HjhNdeHt
MICELLBio Co. Ltd,jo5ySYm`pTbn
MICRO CONNECTION ENTERPRISES INC,De^L<nfLN]G
Microdermis Corporation,roU?XtaD42WV
Midatech Pharma US Inc.,<j}KmImz
Midlothian Laboratories,{gM5o>|B8eK6
Migranade Inc.,`;wGXb
MIGUHARA,|e7zGMQkV@
Mikart Inc.,u;8qaC\6fP
Mila Beauty Pty Ltd,`=kJDvGqeh4w
Millennium Pharmaceuticals Inc.,lK8P}XFjEcg
MineralHouse Corporation,;JXl[<k:
MiraCell Inc,5GN7Co
MIRAPHARM. Inc.,rE>6FW
Mission Pharmacal Company,QDIn{I3;cD<K
MOBERG PHARMA NORTH AMERICA LLC,2Zv6Ult}
Mobius Therapeutics LLC,CgvF\};WU?[
Modern Herb Shop Inc,\INp3^ia?Vko
Modlina Cosmetics Co. Ltd,N1McNsw=
Moreand Co. Ltd.,J?\S:F
Morton Grove Pharmaceuticals Inc.,cRrus1
Motto-Elektro Ltd.,;jueMU1sY
MSD Consumer Care Inc.,uiJmb`1nt
Mutual Pharmaceutical Company Inc.,1zE1CWe>
MWI,EnwQ@W
My Import Inc,Eg]g[UjNkr
My Import USA Inc,0tpRyoEIDp
mybody,rs:7G;
Mylan Institutional Inc.,9^TB\Sa
Mylan Institutional LLC,FKR<_5l2eZ{x
Mylan Pharamceuticals Inc.,PB5lgd3cgG
Mylan Pharmaceuticals Inc.,=AP2VGKU;91
Mylan Specialty,Bj;K}0^mj
Mylan Specialty L.P.,q[}]HG
N&B LAB.Co.Ltd,4=^Xug4
Nan Mei Pharmaceutical Co. Ltd.,g\8sN_O
Nanda Co. Ltd,>jKTnd
NanoCureTech,fQ`YJbxRR
NANOPOLY CO. LTD.,E|;pl=h
Nantong Health & Beyond Hygienic Products Inc.,QmOcRQ2l
NANTONG STRIP MEDICAL SUPPLY CO.LTD.,ATcK9y
Nartex Laboratorios Homeopati cos S.A. de C.V.,azCnrmO<N:
Nartex Laboratorios Homeopaticos S.A. De C.V.,Su=e\cWvI69o
Nartex Laboratorios Homeopaticos S.A. de C.V.,epJi{qQS
Nartex Laboratorios Homeopaticos SA DE CV,]2QTG{PQ
NARTEX LABORATORIOS HOMEOPATICOS SA DE CV,V2Kw^gC
Naterra International INC.,M=g8A\auEKLh
Nationwide Laboratories,w5Ug?2|Q@;WT
Nationwide Laboratories LLC,I\_7thwD
Native Remedies LLC,cYLvn1
Natoral Limited,woiR5n<:Qu
Natren Inc.,{naMLM=fk5P
Natural Creations Inc.,}=C?TzoCHtB
Natural Health Supply,eL@bZRH
NATURALRX LLC,`QfrOx
NATURE & NATURE CO. LTD.,pJ]Agjp}R
NATURE REPUBLIC CO. LTD.,R5j\eV`Re
Natureplex LLC,Zw2RXd<tg={
Natures Formulae Health Products Ltd.,IJw`@C2n7sY
Nature's Innovation,y7^UhN
Nature's Innovation Inc.,Ek]4D6
Natures Investment Holdings Pty Ltd dba Maxrelief USA,LMyzCJ^mLRs
Natures Way Holding Co,JR031W<MsU1
Nature's Way Holding Co,6hScrpKd
Natures Way Holding Co.,N_nIg7hdNDu
Nature's Way Holding Co.,Xmaz0Ku
Natuzen Co. Ltd,HOIDVQr75=
Navajo Manufacturing Company Inc.,NtBTIGFyG|uk
Navarrete Estacio Fernando,v=mp;Au
Navidea Biopharmaceuticals Inc.,GbVImh}OAP
NCS HealthCare of KY Inc dba Vangard Labs,u_T}j^M4\6
Neat Feat Products Limited,<T6sT5xS:P
NeilMed Pharmaceuticals Inc.,E_ZZ64Sq|}
Nelco Laboratories Inc.,m;u[S7@
Nelson Bach USA Limited,FzpC9sj<I
Nelson Bach USA Ltd,?qE`e41a4t
Nelson Bach USA Ltd.,:Whdr[wt}2n
Nenningers Naturals LLC,@Zk}QT
NeoPharm Co. Ltd.,j_EQV]=Qu<_
Neos Therapeutics LP,?Fs7oUPDM
NeoStrata Company Inc.,Rf=OV|
Nephron Pharmaceuticals Corporation,wAHC?r>:
Nephro-Tech Inc.,\C>RdoF
Neurocrine Biosciences Inc.,G:R8>@mB=a
NeurogesX Inc.,Y>G{9CRqUR
Neutrogena Corporation,563cBVJdqSi[
NEW & NEW CO.LTD.,cbARaMb8
New Avon LLC,=yxvb5=_
New Haven Pharmaceuticals Inc.,{G>`_DW4;DBg
New Horizon Rx Group LLC,vV||PLZA1
New World Imports,[^n`C;Y
New World Imports Inc,QhGe<943l
New World Imports Inc.,JsR=x|K?Xg
NEW WORLD IMPORTS INC.,9{w=p_
New York Blood Center,LmY_`K61DS{
NewMarket Health Products LLC,SWiJJhGxz[P
Newton Laboratories Inc.,HsTngPn_u
Nex Medical Antiseptics S.R.L.,]}^Aa5
Nexco Pharma,Fys5y3f
Nexgen Pharma Inc.,;U8\`>ol88
NextSource Biotechnology LLC,M6cs>n[8O0MK
NextWave Pharmaceuticals Inc.,[Ra6hiw
Nexus Pharmaceuticals Inc,js744K
Nibec Co. Ltd,E3abG:=JFvT`
Nicobrand LTD,MWBCEm
Nielsen BioSciences Inc.,SoeFtd
NIN JIOM MEDICINE MANUFACTORY (HK) LTD,8Hk3bpqL<9
NINGBO CLEANER DAILY USED PRODUCTS,2y19]qP
NINGBO CLEANER DAILY USED PRODUCTS CO. LTD.,nQ3g=>TP}
Ningbo Correway Cosmetics Co. Ltd.,GvUf5IMKl8rj
NINGBO JIANGBEI OCEAN STAR TRADING CO.LTD,T0{9W>FREhFI
Ningbo Pulisi Daily Chemical Products Co. Ltd,kJWq_:3sg
Ningbo Pulisi Daily Chemical Products Co.Ltd.,zvb1^oWoM
Nipro Diagnostics Inc,6CWbJ5Pz6
NMC (Natural Magma Cosmetics),;JG@`84=rSj^
Nnodum Pharmaceuticals,xoYRKn9aq9;v
Nobel Laboratories LLC,mbFrzKa
Nocicept Technologies Inc.,i8z`x{]ZlfIV
NorMed,OPBvL:f_QD
North Safety Products,HdptihxoiV>?
Northstar Rx LLC,DU3kMan>_
NorthStar Rx LLC,=T}W[=YdDogs
NORTHSTAR RX LLC,8<UOwnN>
Northwind Pharmaceuticals,]2M{}V
Northwind Pharmaceuticals LLC,cim{wU
Nosmo Co. Ltd,hm?Pj18`a
Nostrum Laboratories Inc.,19Dbwks
NoTS Co.Ltd,V>S6}0G
Nova Aurora Corp,}D?lQQxwS
Nova Homeopathic Therapeutics Inc.,Ci<Uo<
Nova Laboratories Ltd,g<7e4aI0c0
Nova Petroleum & Chemicals Corporation,[Pt4YgSKgixJ
Novadaq Technologies Inc.,QF4h8p|u5
Novartis Consumer Health,ODjyKsuXp8;
Novartis Consumer Health Inc.,fW1v^5
Novartis Pharmaceutical Corporation,GN\f;LC
Novartis Pharmaceuticals Corporation,3_46A|wi2n4H
Novartis Vaccines and Diagnostics GmbH,`e9EzD?I
Novartis Vaccines and Diagnostics s.r.l.,^IFbv:Gbyd
Novartis Vaccines and Diagnostics SRL,a[{XsW}pk3b1
Novast Laboratories Ltd.,w`LVlpl
Novatris Consumer Health Inc.,uPM|9c_
Novel Laboratories Inc.,?zw96pkA|=u
Noven Therapeutics LLC,2bJX^]4H
Novo Nordisk,[{0;t]
Novum Pharma LLC,i9QOrTuoj;]0
Noxell,`k3|5Wj9MM
NSE Products Inc.,U[qeqSU
Nucare Pharmaceuticals Inc,vuZfsb9KfZD\
NUGA MEDICAL CO. LTD.,Uj4^52Sj7>
Nutrexin USA,R;zn?S
Nutri-Dyn Products Ltd. dba Professional Health Products,Ic7>}kS
O24 Naturals LLC,`kf|aE6j^W
Oak Pharmaceuticals Inc. (Subsidiary of Akorn Inc),0<X=[}zeLi
Oaklock LLC,xIjA6uqI
OASIS Medical Inc.,77dFqln
Obagi Medical Products Inc. a division of Valeant Pharmaceutcals North America LLC.,M5`:P^ZnkP_v
Oceanside Pharmaceuticals,o^P{|gh7hL
Octapharma Pharmazeutika Produktionsgesellschaft m.b.H.,^\PuqC
Octapharma USA Inc,LS?O|CX4;h
OCuSOFT Inc.,4`KiNM<;8JVk
OCuSOFT INC.,rDo1E4
OCuSOFT Inc.,lQniJhgTXlN
OHM LABORATORIES INC.,<d?dPg>
Ohm Laboratories Inc.,@=wUiJciyAW
OHM PHARMA INC.,6v7Z4yRB>
OHTA'S ISAN CO. LTD,aT|SxF
Omeros Corporation,Y6t7E_Ly
OMP INC.,r@4Mbe^L
OMP Inc.,`rya`Th>
OMP INC.,fS[osS6x
ONE NATURE LABS INC.,\\tZelgbI8i
Onpharma Inc.,;ShQjYkv^
Onset Dermatologics LLC,R;y4FvzU\EW
Ony Inc.,:?KAu?boUN6s
Onyx Pharmaceuticals Inc.,HkSWYt
OPI Correctional Industries,V4TmTt`wau=_
OPKO Pharmaceuticals LLC,6=}RIJq@b7|
Opto-Pharm Pte Ltd,_yDgD\[vhPV
Oral-B Laboratories,X;LtAlw{Nn
OraPharma Inc.,jp0A>4Fg
OrchidPharma Inc,{^?BhAd_vM
Orexo US Inc.,JD0jav_M
ORGANIC & SUSTAINABLE BEAUTY,;RY^}5
OrganiCare Nature's Science LLC,aBBUCq`
Organics Corporation of America dba Ambix Laboratories,kYb7ph]X1nS
Organogenesis Inc,o<nITwb}O3B
Organon Pharmaceuticals USA,Cx2jhjY
Organon USA Inc.,ciutwkMW<9H
Origin Biomed Inc,7I}jtA3T
ORIGINS NATURAL RESOURCES INC.,c7OKMd:
Orphan Europe SARL,e6Wvo9r_MM
Ortho-McNeil Pharmaceuticals,D^v\6pY
Orye Life Science Co. Ltd.,^E7NEr8
Osung Co. Ltd,aR3`P}
Otonomy Inc.,^M?V_U
Otsuka America Pharmaceutical Inc.,PaUsASi_r
OUTIN FUTURES CORP.,KP4:Jszl
Owens & Minor Inc.,;LHCWt
Pace Wellness Inc.,f}zWRQidlAmw
Pacific Naturals,`Q{[l0d
Pacific Pharma Inc.,tPQHi}sFxY@
Pacira Pharmaceuticals Inc.,\4BjXA;
Pack Pharmaceuticals LLC,KLQ37U}^k|uh
PACK Pharmaceuticals LLC,J`0;ydD{
Pack Pharmaceuticals LLC,`=CGxWb
Paddock Laboratories Inc.,:|Bz6;
Paddock Laboratories LLC,0sZO|]
Pain & Stress Center Products,HIIWY^NU
PALADIN LABORATORIES (USA) INC,owShfSnmO5
Paladin Therapeutics Inc.,o}uZ|EmjPk
Palmetto Pharmaceuticals,O0rIaza?
Papermates Inc. DBA Noteworthy,CpQLxYQ]e7
Par Pharmaceutical,LYoD\sX16
Par Pharmaceutical  Inc,B0uQBm;i}z
Par Pharmaceutical Companies Inc.,l=Q<AQ]
Par Pharmaceutical Inc,bAm>N<G7Bb
Par Pharmaceutical Inc.,POQv]07
Paradigm Inc.,9[Z3^OX2
Paramesh Banerji Life Sciences LLC,bBdk}t
ParaPRO LLC,P`DD?`r`lm=d
Parasitology Center Inc.,@^vrLW?
Parfums Christian Dior,69BtSPt9
Park No Suk a clear walk of park,N<STlw<Y
Parke-Davis Div of Pfizer Inc,xLuB0zBv?{m:
Patchwerx Labs Inc.,{YQilT=p}B
Patrin Pharma,zAn\\^SqaY}K
Patriot Pharmaceuticals LLC,To;j\PQ
Paxvax Inc.,w_aLvrr7>S
PBM Pharmaceuticals Inc,um_UoAHmOWlg
PD-Rx Pharmaceuticals Inc.,eTVUmgyhJRu
Peace Medical Inc.,CnZ7}vVlDg
Peaceful Mountain,3Jg=k<
Peaceful Mountain Inc,45W0>GQq
Peaceful Mountain Inc.,C[BP[ur]
Pedinol Pharmacal Inc.,^HH9b;
PEKANA Natuheilmittel GmbH,ls;R2M
PEKANA Naturheilmittel GmbH,Psvy^QMAQC[
Pekana-Naturheilmittel GmbH,JzKZCe[
PEN Prep LLC,D}BWI=
Perdido Key Health and Wellness Inc,i?DFXt
PERFECTA PRODUCTS INC.,LU{jAu
Performance Health LLC,}Mn;Ln>SP23M
Pernix Therapeutics LLC,;urh}VoQr7
Perrigo Company,^h11^53
Perrigo New York Inc,|Vj=NUdRs[
Person and Covey,cm4_i=
Personal Care Products,IlhGKWV>ZNP>
Personal Care Products Inc,^DR}?Hzk_0q
Personal Care Products Inc.,b8oK9z`=
Peterpanlab,1L1}H@I`T_I
Pfizer Consumer HealthCare,^8U<bKNRN76t
Pfizer Consumer Healthcare,:5JVd0Y2uN?8
Pfizer Laboratories,Ns3O:qTU<wII
Pfizer Laboratories Div Pfizer Inc,O;`{n_c]d<1p
Pfizer Laboratories Div Pfizer Inc.,vnqOx1i
Pfizer Labs Division of Pfizer Inc,d9T<sb2jau
Pfizer Labs Division of Pfizer Inc.,8TtcHg
Pharmacal-International. Co. Ltd.,ivH6f3e
PharmaCare US Inc.,a4zsK9X}ht]1
Pharmaceutica North America Inc,Ba32\JOWhp
Pharmaceutica North America Inc.,^Tx4V6vr8
Pharmaceutical Associates Inc.,\w2wB^e8
Pharmaceutical Specialties Inc.,F;iu>rn6
Pharmacia and Upjohn Company,}g8`8c?r}@
Pharmacia and Upjohn Company LLC,nfz6:vh`n=
Pharmacyclics LLC,e94feVbqoL8
Pharmadel LLC,LX0r`nUXCn
PharmaDerm A division of Fougera Pharmaceuticals Inc.,9:aJB52c8KC
PharmaDerm a division of Fougera Pharmaceuticals Inc.,zD=g1jjw2m
PharmaDerm A division of Fougera Pharmaceuticals Inc.,F;kUfVwI]a|:
PharmaDerm A division of Nycomed US Inc.,[@ss5M
PHARMAGEL INTERNATIONAL INC,J;@RWQl=d
PharmaGenetico LLC,Sxu2jjpGJPce
Pharmalucence Inc.,6uw\`dQ
Pharmaplast SAE,6TZw<`G07_
PHARMAZEUTISCHE FABRIK DR. RECKEWEG & CO,Vs:H\3
Pharmics Inc.,::o>W<zx|ffF
PHI Inc,RX\MZwho?|S=
Phillips Company,06X4{46
Philosophy Inc.,aD|dD:7u
Phlight Pharma LLC,M@EME]
Phocal Therapy Inc,`67L<C
Phoenix Global Supply Group Inc.,dtYd34wA|s2`
Photocure ASA,Npy4Y?
PhotoMedex Inc.,AoUNAUVs`9
Physician Therapeutics LLC,dn>N;8;y
Physicians Formula Inc,R3z]\Qgl
Physicians Formula Inc.,]6O=7JPvR
Physicians Science & Nature Inc.,eiX}mB[>
Physicians Total Care Inc.,AvE4?v;m}dvw
Phytoneering Extract Solutions GmbH,GW2K?jqx
Phytopia Co. Ltd.,}1nFm4
PHYTOPIA CO. LTD.,Cir:n<Pyx
Phytopia Co. Ltd.,U=CY_?{
PHYTOPIA CO. LTD.,gRVkgT
Phytopia Co. Ltd.,R6T|h<K0
PHYTOPIA CO. LTD.,SVG>2YEsLr^:
Pierre Fabre Pharmaceuticals Inc.,ArsY_|MS;U
Pierrel S.p.A.,XvQp>0
Pinnacle Biologics Inc.,a1j_q:>ym5
Pinnacle Science LLc,Z5NjR2Jkvm|k
Piramal Critical Care Inc,y1>1wkl]
Piramal Imaging SA,:\2[2G170T|
PIXI INC,lT<TPfm
PLYMOUTH HEALTHCARE PRODUCTS LLC,YIR4bmQ2=kbo
PnP Biopharm Co.Ltd.,d;i>f4L{A
POLIMEROS Y SERVICIOS S.A-,c8V3yXdh{5
Poly Pharmaceuticals,Xp5_19x;rM{
Poly Pharmaceuticals Inc.,`wi0VdFrAZ
Pound International Corp,K0TP[Fthn0
Prasco Laboratories,DAVRg=oa
Preferred Pharmaceuticals Inc,Se2;ps
Preferred Pharmaceuticals Inc.,@HOuDSRi=
Preferred Plus (Kinray),ji`\qgza0o
Preferreed Pharmaceuticals Inc.,JQ>ApPga0w
Premier Dental Products Company,<W5^En{i8
Prescription Care LLC,=sQZZ7
Prestige Brands Holdings Inc.,oQ@bpj57pD;
Prestium Pharma Inc.,FkQ@4lKip
Prime Enterprises Inc.,8C4HiLLC32H
Prime Packaging Inc.,EufMp0lq3
Primus Pharmaceuticals,Rm5vLq9y;l^n
PRINCE OF PEACE ENTERPRISES INC.,gIpito
Problen Pharmacy,VozkRPj
Produits De Soins Pour La Peau Au Lait De Chevre Canus Inc,zRSDi[t
Profesional Disposables International Inc.,iRs=7|XL
Professional Disposables International Inc.,wAAAB;Hl
ProFibrix BV,:\GLVJfF>
Proficient Rx LP,w5:zlXLEayQ
Profoot Inc.,;[U3jx6h66n2
Profounda Inc,eq`rzC_I:R
Prometheus Laboratories Inc.,<`8mcqrM4oA
ProMex LLC,7grVnu\}ALO
Promius Pharma LLC,oq=BLhcBFD{
Pronova Corporation,8U4z94[
Pro-Pharma LLC,rNC@=L`0g
ProPhase Labs Inc.,AHjz7}
PROSANA DISTRIBUCIONES S.A. DE C.V.,T[jZxQOEqYs
Protein Sciences Corporation,Sq8h6Ur[q|0y
PROTOX Inc.,mXZEY?
PruGen Inc.,7>gru}b
PruGen Pharmaceuticals,8JJU]H
Publix Super Markets Inc,?cm829<sZ7
PULSION Medical Systems SE,XBkB|^
PuraCap Laboratories LLC,@8fqFx:_
PuraCap Pharmaceutical LLC,ts`Jab
PuraMed BioScience Inc.,_CXUT\irY>:3
Purdue GMP Center LLC dba The Chao Center,83KTu3i^4
Purdue Pharma LP,[L}lO:
Purdue Pharmaceutical Products LP,=rI8<k[[LU
Purdue Products LP,D1lF:;n:c:|
Pure Source,ZWZO_u
Pure Source LLC,XrzxC28I
PUREMEDY,49YTyet=D]s
PureTek Corporation,yqk<o=m7ORh
PURITY CYLINDER GASES INC,zvihh|
Purity Life Division of SunOpta,cZv48P}S@
PurKlenz Formulations Inc.,at[Qf_TlD6y
Q.A. Laboratories,MSik>7
QINGHAI ZANGYUANTANG BIO-TECH CO LTD,De<Qk2LF
QOL Medical LLC,D4bv=|T
QOL Medical LLC.,x[1\`KFfx52
Qualgen LLC,{zoTMNs2pw1
Qualitest Pharmaceuticals,^6IeFY2
Quantum Pharmaceuticals Inc.,rXX`9<13
Quest Products Inc.,aD}0D>zV70w
Quinnova Pharmaceuticals Inc.,y\iIT}YQhO`
R AND S RESEARCH,9Fk]>Sl1x\<\
R&R Lotion Inc.,B5=D{9fpv
R2 Distribution LLC,u72GYenUzrk
RaMoSu,ZZ]A_D9ov3z;
Ranbaxy Laboratories Inc,mCkrx`l
Ranbaxy Laboratories Inc.,hD0|MuA5
Ranbaxy Pharmaceuticals Inc,KFBa7^CF
Ranbaxy Pharmaceuticals Inc.,ynbxTUg
RAPHAGEN CO. LTD,vjcphl5qbwVn
Raptor Therapeutics Inc.,`Ex4JVjV05D
Rare Disease Therapeutics Inc,fQNwIP;
Rare Disease Theraputics Inc,4D8t\t0H>
Ratiopharm Inc,pkwmloxMS
Raw Materials International Overseas LLC,M|g^lZO<55B
RC InnPharma Corporation,UjDpSDJ<xy
Ready America Inc.,AXE9HDlc6
Rebel Distributors,T>Gr@0r`GoM
Rebel Distributors Corp,0hemO3=
